{"type": "metrics", "dataset": "train", "precision": 0.7028, "balanced_accuracy": 0.663033394498763, "recall": 0.3718518518518519, "f1_score": 0.4863667820069204}
{"type": "metrics", "dataset": "test", "precision": 0.6682242990654206, "balanced_accuracy": 0.6624701490334124, "recall": 0.3751311647429171, "f1_score": 0.48051075268817206}
{"type": "cm_matrix", "dataset": "train", "true_0": {"predicted_0": 15485, "predicted_1": 743}, "true_1": {"predicted_0": 2968, "predicted_1": 1757}}
{"type": "cm_matrix", "dataset": "test", "true_0": {"predicted_0": 6718, "predicted_1": 355}, "true_1": {"predicted_0": 1191, "predicted_1": 715}}
